index,title,authors,abstract,summary,source,venue_type,journal,publication_status,publication_date,doi,categories,score,matched_keywords,cited_by_count,article_url,pdf_url,open_access_status,local_pdf,pdf_download_status
1,Heterogeneity and multi-scale dynamics in the molecular bearing of the bacterial flagellum,Martin Rieu; Daping Xu; Gunasekaran Subramaniam; Ashley L. Nord; Alexis Courbet; Hafez El Sayyed; Richard M. Berry,"The bacterial flagellum is a protein-based rotary machine that drives bacterial motility. It comprises the bacterial flagellar motor (BFM), consisting of a stator which is anchored to the cell wall and a rotor in the cytoplasmic membrane, linked via the flagellar rod to the extracellular hook and filament. We observe passive rotational diffusion of six individual Escherichia coli flagella lacking torque-generating units via polarization microscopy of single gold nanorods attached to the hook, sampled at 250 kHz. Transitions across energy barriers of the 26-fold symmetric LP-ring/rod flagellar bearing exhibit highly non-Poissonian kinetics spanning four orders of magnitude in time scale. At sub-millisecond timescales we observe anomalous ultra-slow diffusion typically associated with disordered systems, despite the ordered crystalline atomic structure of the bearing revealed by cryo-Electron Microscopy. Over longer periods, we observe dynamic shifts in the preferred angular positions, indicating that the bearing's energy landscape evolves over time.",该研究通过单分子高频成像发现，尽管细菌鞭毛轴承具有有序晶体结构，其无动力旋转仍呈现跨四个数量级时间尺度的非泊松、多尺度异质扩散行为，且能量景观会随时间动态演化。,openalex,,Nature Communications,published,2026-06-12,https://doi.org/10.1038/s41467-026-74079-9,Bacterial Genetics and Biotechnology; Micro and Nano Robotics; Plant and Biological Electrophysiology Studies,,diffusion,0,https://doi.org/10.1038/s41467-026-74079-9,https://www.nature.com/articles/s41467-026-74079-9_reference.pdf,gold,pdf/2026-06-14_01_Heterogeneity and multi-scale dynamics in the molecular bearing of the bacterial flagellum.pdf,downloaded
2,Multimodal foundation models exploit text to make medical image predictions,Thomas A. Buckley; James A. Diao; Cam N. Srivastava; Peter G. Brodeur; Pranav Rajpurkar; Adam Rodman; Arjun K. Manrai,"Multimodal foundation models have shown compelling but conflicting performance in medical image interpretation. However, the ways in which these models integrate and prioritize different data modalities, including images and text, remain poorly understood. Here we evaluate 8 proprietary and open-source multimodal foundation models using 1090 multimodal medical cases. We show that image predictions are largely driven by text, with accuracy increasing monotonically with the amount of informative text. Exploitation of text is a double-edged sword; even mild suggestions of an incorrect diagnosis in text diminish image-based classification, dramatically reducing performance in cases the model could previously answer using images alone-o3 accuracy fell from 84% to 28% when a misleading clinical vignette was introduced. In physician evaluations of long-form cases, adding images reduces or does not improve performance when text is highly informative (e.g., GPT-4V showed decreased accuracy when images were added to highly informative text across 69 clinicopathological conferences). Our results suggest that multimodal AI models may be useful in medical diagnostic reasoning but that their accuracy is largely driven, for better and worse, by text.",该论文评估了8种多模态医疗基础模型后发现：它们在医学影像诊断中的表现主要依赖文本信息而非图像本身，文本越丰富准确率越高，但带有误导性的文本会显著拉低原本基于图像可做出的正确判断，说明这类模型的诊断能力在很大程度上是被文本“驱动”的。,openalex,,Nature Communications,published,2026-06-12,https://doi.org/10.1038/s41467-026-74207-5,Artificial Intelligence in Healthcare and Education; Multimodal Machine Learning Applications; Explainable Artificial Intelligence (XAI),,foundation model,0,https://doi.org/10.1038/s41467-026-74207-5,https://www.nature.com/articles/s41467-026-74207-5_reference.pdf,gold,pdf/2026-06-14_02_Multimodal foundation models exploit text to make medical image predictions.pdf,downloaded
3,High-throughput Raman-activated cell sorting of microalgal genome-wide edited library revealed a regulatory pathway for carotenoid synthesis,Qintao Wang; Yanhai Gong; Lianhong Wang; Nana Lv; Xuefeng Du; Jiashun Zhang; Yi Xin; Zoran Nikoloski; Yonghua Li‐Beisson; Luyang Sun; Bo Ma; Xixian Wang; Jian Xu,"Functional genomics have been hampered by the paucity of efficient methods that connect genotype and metabolic phenotype at single-cell resolution. Using the industrial microalga Nannochloropsis oceanica as a model, we introduced a platform that comprises a genome-wide single-gene-edited mutant library and high-throughput Raman-activated cell sorting (RACS). The CRISPR/Cas-generated library consisted of 3567 microalgal mutants derived from 2397 effective guide RNAs. Label-free sorting of the library for high carotenoid content by RACS unraveled mutations in the violaxanthin de-epoxidase (noVDE) or in the proteasome assembly chaperone 4 (noPAC4) genes. Knocking out all five known noVDEs revealed that the high carotenoid content is due to violaxanthin increase, whilst noPAC4 knockout boosted carotenoid content with elevations in violaxanthin, zeaxanthin, and β-carotene. Genetic and transcriptomic evidence suggested two previously unknown modes of carotenogenesis regulation mediated by noPAC4: epigenetic mechanisms via histone deacetylase (HDAC) and post-translational controls by the 26S proteasome. Therefore, by label-freely sorting single-cell metabolic phenotype and rapidly yet unambiguously tracing it to a genotype, this forward-genetics approach can greatly accelerate the discovery of genes and pathways. Functional genomics in algae are limited by efficient methods that connect genotype and metabolic phenotype at single-cell resolution. Here the authors introduce an approach based on a genome-wide mutant library and a Raman Cytometer, discovering a carotenoid synthesis regulating pathway.",该研究将全基因组单基因编辑库与高通量拉曼激活细胞分选结合，在微藻中无标记地锁定了调控类胡萝卜素合成的新基因与新通路，揭示了 noPAC4 通过 HDAC 和 26S 蛋白酶体介导的表观遗传及翻译后调控促进类胡萝卜素积累。,openalex,,Nature Communications,published,2026-06-12,https://doi.org/10.1038/s41467-026-74304-5,Algal biology and biofuel production; Biocrusts and Microbial Ecology; Gold and Silver Nanoparticles Synthesis and Applications,,method; model; single-cell; single-cell-computation,0,https://doi.org/10.1038/s41467-026-74304-5,https://www.nature.com/articles/s41467-026-74304-5_reference.pdf,gold,pdf/2026-06-14_03_High-throughput Raman-activated cell sorting of microalgal genome-wide edited library revealed a regulatory pathway for.pdf,downloaded
4,Spatial Engineering of Gas Diffusion Layers Overcomes Mass Transport Limitations in Fuel Cells,Shangwei Zhou; Wenjia Du; Jianuo Chen; Yunsong Wu; Bochen Li; J Li; Linlin Xu; Winfried Kockelmann; Meng Lin; Marc‐Olivier Coppens; Paul R Shearing; Rhodri Jervis; Thomas S. Miller,"Mass transport limitations at high current densities hinder polymer electrolyte fuel cell (PEFC) performance due to inefficient water management and reactant distribution. Gas diffusion layer (GDL) perforation offers a potential solution as an alternative to complex flow-field modifications. However, understanding of how perforation impacts critical internal states like water distribution, local temperature and electrochemical reaction rates remains limited. This knowledge gap has prevented optimisation of GDL designs, with homogeneous patterns potentially exacerbating performance gradients. This study uses operando neutron imaging combined with synchronous thermal-electrical mapping to analyse water dynamics and their impact on PEFC performance with both homogeneous and heterogeneous GDLs. The approach enables detailed analysis of interactions between water, heat and electrochemical reactions, providing experimental validation beyond limited field-of-view techniques like X-ray tomography. Results demonstrate that a spatially tailored perforation pattern effectively balances in-plane saturation gradients and enhances peak power compared to both uniform patterns and non-perforated GDLs. This work establishes spatial engineering as a design principle for porous transport layers, offering a simpler and cost-effective solution to mass transport constraints in fuel cells and other electrochemical devices containing porous media.",该研究通过原位中子成像与热-电同步测绘发现，对燃料电池气体扩散层进行空间异质化穿孔设计可更均衡地调控水分、温度与反应分布，从而比均匀穿孔或未穿孔结构更有效地缓解传质限制并提升峰值功率。,openalex,,Advanced Science,published,2026-06-12,https://doi.org/10.1002/advs.202519772,Fuel Cells and Related Materials; Nanopore and Nanochannel Transport Studies; Advancements in Solid Oxide Fuel Cells,,diffusion,0,https://doi.org/10.1002/advs.202519772,,gold,,no_pdf_url
5,Unraveling the mechanistic origins of efficiency and stereoselectivity in EDA-mediated photocatalysis,Mengchen Fu; Yi Luo; Luyang Qin; Nicole P. Qin; Jialong Jie; Hongmei Su,"Visible-light-driven electron-donor-acceptor (EDA) photocatalysis holds transformative potential for asymmetric synthesis, yet its efficiency and selectivity are dictated by excited-state dynamics that have, until now, eluded direct observation. Here, we utilize femtosecond and nanosecond transient absorption spectroscopy to investigate a prototypical EDA system: asymmetric α-alkylation of aldehydes. Our real-time kinetic mapping successfully resolves the singlet charge-transfer state (¹CT), triplet charge-transfer state (3CT), and donor-acceptor radical pairs (D•+ and A•). We uncover two concurrent radical-generation pathways: direct decay of ¹CT and a 3CT-mediated route, which maximize reaction efficiency. Rapid Br- departure from A•- furnishes A•, suppresses unproductive charge recombination with D•+, while solvent-cage confinement preserves radical orientation, promoting in-cage coupling with high enantioselectivity. These findings establish a general mechanistic blueprint where ground-state pre-organization and excited-state dynamics are synergistically harnessed, offering a distinct paradigm to overcome diffusion-controlled limits for the rational design of advanced photocatalytic systems. The authors use femtosecond and nanosecond transient absorption spectroscopy to investigate a prototypical EDA system, asymmetric α-alkylation of aldehydes, enabling observation of excited-state dynamics.",该论文通过飞秒/纳秒瞬态吸收光谱实时解析EDA介导的不对称醛α-烷基化反应中¹CT、³CT及自由基对的演化过程，揭示了单重态直接衰变与三重态介导并行产生活性自由基、Br⁻快速离去抑制复合以及溶剂笼效应维持构型取向共同决定高效率与高对映选择性的机制。,openalex,,Nature Communications,published,2026-06-12,https://doi.org/10.1038/s41467-026-74293-5,Radical Photochemical Reactions; Photochromic and Fluorescence Chemistry; Photochemistry and Electron Transfer Studies,,diffusion,0,https://doi.org/10.1038/s41467-026-74293-5,https://www.nature.com/articles/s41467-026-74293-5_reference.pdf,gold,pdf/2026-06-14_05_Unraveling the mechanistic origins of efficiency and stereoselectivity in EDA-mediated photocatalysis.pdf,downloaded
6,T2Pdecoder enables protein-centric analyses from transcriptomic data,Hui Wang (30400); Jihong Tang; Yimeng Qiao; Quanhua Mu; Yumeng Guo; Jiguang Wang,"Protein quantification is not as extensive as RNA quantification, especially for isocitrate dehydrogenase (IDH) mutant gliomas. Predicting protein abundance from RNA is valuable for leveraging existing data to understand biological processes, though the weak correlation between RNA and protein poses a significant challenge. Most existing methods predict limited protein subsets from transcriptome, constraining their broader proteomic applications. Here, we present T2Pdecoder, an integrative multi-omics deep learning model designed to predict broad protein abundance profiles by learning the shared embedding space of protein and RNA. T2Pdecoder is evaluated on different glioma datasets, achieving modest but consistent improvements over RNA-only baselines in concordance with measured protein abundance, while more accurately recapitulating protein-level pathway enrichment patterns. The applications of T2Pdecoder on glioma bulk RNA data uncover functional subgroups with significant survival differences. Furthermore, T2Pdecoder reduces batch-associated variation in single-cell RNA data and identifies distinctive cell markers. Collectively, these results suggest that T2Pdecoder enables protein-centric analyses from transcriptomic data and may provide complementary biological insights beyond conventional RNA-only analyses in cancer research.",T2Pdecoder 是一种整合多组学的深度学习模型，通过学习 RNA 与蛋白的共享表示来从转录组数据中预测大范围蛋白丰度，并在胶质瘤研究中比仅用 RNA 的方法更好地恢复蛋白水平通路特征、揭示具有生存差异的功能亚群及单细胞标志物。,openalex,,Nature Communications,published,2026-06-11,https://doi.org/10.1038/s41467-026-74209-3,Bioinformatics and Genomic Networks; Advanced Proteomics Techniques and Applications; Single-cell and spatial transcriptomics,,method; model; single-cell; single-cell-computation,0,https://doi.org/10.1038/s41467-026-74209-3,https://www.nature.com/articles/s41467-026-74209-3_reference.pdf,gold,pdf/2026-06-14_06_T2Pdecoder enables protein-centric analyses from transcriptomic data.pdf,downloaded
7,Benchmarking large language models for cell-free RNA diagnostic biomarker discovery,Hunter Gaudio; Andrew Bliss; Conor Loy; Daniel Eweis-LaBolle; Anne Gardella; Iwijn De Vlaminck,"Large language models can synthesize biomedical knowledge, parse vast amounts of data, and generate code, positioning them as promising tools for biomarker discovery from high-throughput omics data. Here, we benchmark six models from OpenAI, Anthropic, and Google on plasma cell-free RNA datasets spanning three clinical cohorts: Kawasaki disease versus multisystem inflammatory syndrome in children, active tuberculosis versus symptomatic respiratory controls, and myalgic encephalomyelitis/chronic fatigue syndrome versus sedentary controls. We evaluate literature-guided nomination of diagnostic gene panels for downstream machine learning and autonomous construction of end-to-end classifiers from raw count matrices to held-out test predictions. Despite prompt adherence issues, model-nominated panels recapitulate canonical immune pathways and outperform random panels across cohorts, even matching differential gene expression baselines in the tuberculosis cohort. End-to-end automation proves feasible but is model- and task-dependent. One model approaches conventional performance for Kawasaki disease versus multisystem inflammatory syndrome in children, whereas performance decreases for tuberculosis and myalgic encephalomyelitis/chronic fatigue syndrome cohorts. These findings delineate current capabilities and limitations of large language models in diagnostics and open a path for their future use in biomarker discovery.",该研究系统评测了多家大语言模型在三类血浆无细胞RNA临床队列中的诊断生物标志物发现与端到端分类能力，发现其能提出具有生物学意义且优于随机的基因面板、在部分任务上接近传统方法，但整体表现仍受模型类型与疾病场景限制。,openalex,,Nature Communications,published,2026-06-11,https://doi.org/10.1038/s41467-026-74077-x,Single-cell and spatial transcriptomics; Genetic Associations and Epidemiology; Genomics and Rare Diseases,,large language model,0,https://doi.org/10.1038/s41467-026-74077-x,https://www.nature.com/articles/s41467-026-74077-x_reference.pdf,gold,pdf/2026-06-14_07_Benchmarking large language models for cell-free RNA diagnostic biomarker discovery.pdf,downloaded
8,Tumor-resident T cells and dendritic cells form an in situ archetype during immunotherapy response in melanoma,Andrea Di Pietro; Lewis Au; Patrick Crock; Niko Thio; Angela Pizzolla; Thu Ngoc Nguyen; Sean Macdonald; Hugh Chalmers; Ruiqing Zhu; Alessia Airaghi; Tristan Molden-Hauer; Marina Bacac; Petra Schwalie; Ramona Schlenker; M Levesque; Sonia Mailer; Kristy Barnes-Cullen; Karen Winch; Joanna Chan; George Au‐Yeung; Lavinia Spain; Aparna D. Rao; Shahneen Sandhu; David E. Gyorki; Grant A. McArthur; Laura K. Mackay; Paul J. Neeson,"Tumor-resident (TR) T cells, known as tissue-resident memory (TRM) T cells in mice, play a central role in melanoma immunosurveillance, yet their contribution to immune checkpoint inhibitor (ICI) therapy has not been comprehensively explored. We performed spatial and single-cell profiling on 32 metastatic melanoma lymph node samples, from treatment-naïve, ICI-resistant and ICI-responsive patients. Here we show that tumor areas in ICI-responders were enriched for both CD8+ and CD4+ TR. CD8+ TR cells were clonally expanded, and both CD8+ and CD4+ TR cells upregulated cytotoxicity-related gene expression, suggesting functional anti-tumor immunity. Conversely, ICI-resistant tumors displayed chronic IFN-γ response pathways, linked to T cell exhaustion. We further identified a spatially organized immune triad composed of CD8⁺ TR, CD4⁺ TR, and type-3 dendritic cells (DC3) that is exclusive to responding tumors. These findings define coordinated cellular interactions within the tumor microenvironment that underpin successful immunotherapy and provide a framework for spatial biomarkers of response. Tumor-resident (TR) T cells contribute to melanoma immunosurveillance, yet their role in checkpoint inhibition (ICI) remains unclear. The authors report that ICI-responsive melanoma tumors are enriched with active CD8⁺ and CD4⁺ TR cells that display enhanced dendritic cell engagement.",该研究通过空间与单细胞分析发现，黑色素瘤对免疫检查点抑制剂治疗有效时，肿瘤内富集并激活了克隆扩增的CD8⁺/CD4⁺肿瘤驻留T细胞，并与DC3树突细胞形成特有的空间免疫“三联体”，而耐药肿瘤则呈现与T细胞耗竭相关的慢性IFN-γ反应。,openalex,,Nature Communications,published,2026-06-11,https://doi.org/10.1038/s41467-026-74076-y,Cancer Immunotherapy and Biomarkers; Immunotherapy and Immune Responses; Cutaneous Melanoma Detection and Management,,cell-communication-computation; cellular interaction; framework; single-cell; single-cell-computation,0,https://doi.org/10.1038/s41467-026-74076-y,,gold,,no_pdf_url
9,Natural killer cell-mediated immunosurveillance modulates liver cancer evolution through cancer stemness enhancement and lipid metabolism reprogramming,Liang Shi; Boqiang Liu; Ruya Sun; Jing He; Hao Shen; Weiqi Li; Yi Wang; Yi Wang; Weijun Zhao; Chenqi Jin; Binghan Jin; Yuanshi Tian; Lingfeng Ma; Lidan Hou; Mingyu Chen; Jiaying Shen; Bo Shen; Xiao Liang; Hong Yu; Yifan Wang; Yifan Wang; Di Wang; Xiujun Cai,"Tumor evolution enables liver cancer cells to acquire survival advantages and evade therapy-induced cell death. However, the role of natural killer (NK) cells in liver cancer evolution remains unclear. Here, we establish immune-humanized spatiotemporal liver cancer models and integrate single-cell, spatial transcriptomic, and CRISPR/Cas9 screening analyses to investigate this process. We demonstrate that early NK cell-mediated immunosurveillance promotes tumor cell state transition and impairs subsequent adaptive immune responses. Mechanistically, NK cells induce lipid metabolic reprogramming, particularly cholesterol accumulation, and enhance tumor stemness, both of which promote liver cancer evolution. Furthermore, combined anti-LAG-3 treatment and liver X receptor activation suppress tumor evolution and improve the efficacy and durability of immune checkpoint blockade in advanced liver cancer. Collectively, our findings identify that NK cell-mediated early immunosurveillance promotes liver cancer evolution and suggest immunometabolic therapy as a potential strategy for advanced liver cancer. NK cell function in liver cancer has been shown and may influence the progression of liver cancer. Here the authors use mouse liver cancer models and spatial transcriptomics in an immune-humanized liver cancer mouse model to show that NK cells can influence the early progression of liver cancer by altering lipid metabolism and tumour stemness, subsequently demonstrating that inhibition of these pathways can enhance immune cell-mediated tumour control.",该研究表明，早期NK细胞免疫监视会通过诱导肝癌细胞胆固醇等脂质代谢重编程并增强肿瘤干性来推动肝癌进化、削弱后续适应性免疫反应，而联合抗LAG-3与激活LXR的免疫代谢治疗可抑制这一过程并提升晚期肝癌免疫治疗效果。,openalex,,Nature Communications,published,2026-06-11,https://doi.org/10.1038/s41467-026-74360-x,Immune Cell Function and Interaction; Immune cells in cancer; Cancer Immunotherapy and Biomarkers,,crispr; model; single-cell; single-cell-computation; spatial transcriptomics; spatial-omics-computation; spatial-omics-perturbation,0,https://doi.org/10.1038/s41467-026-74360-x,,gold,,no_pdf_url
10,Targeting SMC3 deacetylation synergizes with XPO1 inhibition to reprogram the epigenetic landscape and suppress NPM1-mutated acute myeloid leukemia,Jianfeng Fu; Huilin Xu; Xinying Zhao; Mengge Gao; Yonglu Tian; Ying‐Jun Chang; Xiaofeng Zheng,"Acute myeloid leukemia (AML) is a prevalent hematologic malignancy. Mutations in Nucleophosmin (NPM1c) is the most frequent genetic alterations in AML. However, the epigenetic regulatory mechanisms of this AML subtype remain unclear. The cohesin complex, regulated by the acetyltransferase ESCO2, orchestrates chromatin organization and regulates gene expression. Here, we show that loss of ESCO2 promotes the progression of NPM1-mutated AML by destabilizing cohesin and the NuRD complex on chromatin, thereby enhancing the expression of genes associated with leukemia self-renewal capacity. Pharmacological HDAC8 inhibition restores SMC3 binding and induces differentiation and apoptosis in NPM1-mutated AML cells. Simultaneously targeting HDAC8 and nuclear exporter XPO1 reverses aberrant epigenetic landscape and represses self-renewal gene expression induced by ESCO2 deficiency. The combined treatment effectively eliminates NPM1-mutated AML cell lines and primary human AML cells in vitro and in vivo. This study reveals an ESCO2 deficiency-induced aberrant epigenetic landscape via SMC3 hypoacetylation and identifies a potential therapeutic strategy for NPM1-mutated AML. Epigenetic regulation in NPM1c-mutated acute myeloid leukemia (AML) is poorly understood. Here, the authors show that ESCO2 loss accelerates NPM1-mutated AML by disrupting cohesin and NuRD complexes on chromatin and thereby increasing the expression of genes linked to leukemia self-renewal.",该研究发现，ESCO2缺失通过导致SMC3低乙酰化并破坏cohesin/NuRD染色质结合来重塑NPM1突变AML的异常表观遗传状态、增强白血病自我更新，而联合抑制HDAC8与XPO1可逆转这一过程并显著抑制NPM1突变AML。,openalex,,Nature Communications,published,2026-06-11,https://doi.org/10.1038/s41467-026-74343-y,Acute Myeloid Leukemia Research; Histone Deacetylase Inhibitors Research; Epigenetics and DNA Methylation,,gene expression; statistical-bioinformatics; treatment effect,0,https://doi.org/10.1038/s41467-026-74343-y,,gold,,no_pdf_url
11,Single-cell transcriptomics reveals differences between chorionic and basal plate cytotrophoblasts and 2D-cultured trophoblast stem cells,Robert Morey; Francesca Soncin; Sampada Kallol; Nirvay Sah; Zoe Manalo; Tony Bui; Jaroslav Slamecka; Virginia Chu Cheung; Donald Pizzo; Daniela F. Requena; Ching-Wen Chang; Omar Farah; Ryan Kittle; Kelly Lam; Morgan Meads; Mariko Horii; Kathleen M. Fisch; Mana M. Parast,"Abstract Cytotrophoblast (CTB) of the early gestation human placenta are bipotent progenitor epithelial cells, which can differentiate into invasive extravillous trophoblast (EVT) and multinucleated syncytiotrophoblast (STB). Trophoblast stem cells (TSC), derived from early first trimester placentas, have also been shown to be bipotential; however, their cell-of-origin has not been identified. In this study, we set out to probe the transcriptional diversity of early and late first trimester villous CTB (vCTB) and compare these to TSC. To this end, we performed single-cell RNA sequencing (scRNA-seq) on placental villous tissue from early (6-8 weeks) and late (12-14 weeks) first trimester placentas; we also evaluated CTB within basal (maternal) and chorionic (fetal) regions of early first trimester placenta, both by scRNA-seq and GeoMx-based spatial transcriptomics. Finally, we performed scRNA-seq on three TSC lines, derived from 6-8 week gestation placentas, as well as on early first trimester CTB at several timepoints during TSC derivation. We observed differences within CTB clusters associated with gestational age, further influenced by location near the basal or chorionic plates. We identified trophoblast states representing “initial state” vCTB (in vivo CTB progenitors), as well as additional CTB subtypes, precursor STB, and precursor and mature EVT. CTB progenitors appeared enriched in early first trimester placentas at the basal plate; additionally, basal plate CTB showed transcriptional features consistent with EVT bias, whereas chorionic plate CTB showed features associated with STB precursors. Clustering and trajectory inference analysis indicated that TSC were most like EVT precursor cells. In fact, vCTB lost their in vivo “initial state” markers, including PAGE4, as they transitioned to TSC during in vitro culture. This was confirmed by flow cytometric analysis of 6 different TSC lines, which showed uniform expression of proximal column markers ITGA2 and ITGA5. Additionally, we found that ITGA5 + CTB could be plated in 2D, readily differentiating only into EVT in the absence of lineage-directed cues, but failed to form self-renewing organoids; conversely, ITGA5 - CTB could not be plated in 2D, but readily formed organoids. Our findings suggest that distinct CTB states exist in different regions of the placenta as early as six weeks gestation and that current TSC lines most closely resemble ITGA5 + proximal column trophoblast, biased toward the EVT lineage.",该研究通过单细胞与空间转录组分析发现，孕早期胎盘不同区域的细胞滋养层已存在明显异质性：基底板CTB更偏向EVT分化、绒毛膜板CTB更偏向STB前体，而现有2D培养的滋养层干细胞（TSC）并不等同于体内原始CTB progenitor，而是更接近ITGA5+、偏向EVT谱系的近端柱状滋养层细胞。,openalex,,Communications Biology,published,2026-06-10,https://doi.org/10.1038/s42003-026-10460-0,Pregnancy and preeclampsia studies; Prenatal Screening and Diagnostics; Single-cell and spatial transcriptomics,,clustering; inference; scrna-seq; single-cell; single-cell-computation; spatial transcriptomics; spatial-omics-computation,0,https://doi.org/10.1038/s42003-026-10460-0,https://www.nature.com/articles/s42003-026-10460-0_reference.pdf,gold,pdf/2026-06-14_11_Single-cell transcriptomics reveals differences between chorionic and basal plate cytotrophoblasts and 2D-cultured troph.pdf,downloaded
12,A generalist biomedical vision-language model via multi-CLIP knowledge distillation,Shansong Wang; Zhecheng Jin; Mingzhe Hu; Mojtaba Safari; Yuan Gao; Feng Zhao; Chih‐Wei Chang; Richard L. J. Qiu; Justin Roper; David S. Yu; James Edward Baciak; Xiaofeng Yang,"Contrastive Language-Image Pretraining (CLIP) models, which are pretrained on natural images with billions of image-text pairs, exhibit strong zero-shot and cross-modal capabilities. However, their application in biomedicine remains challenging due to limited large-scale image-text data and heterogeneous imaging modalities. Here we show that a generalist biomedical foundation model can be effectively built via multimodal medical knowledge distillation. We introduce MMKD-CLIP, which integrates complementary knowledge from nine biomedical CLIP models. Our two-stage pipeline combines CLIP-style pretraining on 2.9 million biomedical image-text pairs across 26 modalities with large-scale feature-level distillation. We evaluate MMKD-CLIP on 58 datasets spanning nine modalities and six tasks, including classification, retrieval, visual question answering, survival prediction, and cancer diagnosis. MMKD-CLIP performs favorably relative to the teacher models, with results supporting its robustness and cross-domain generalization. This study introduces MMKD-CLIP, a generalist biomedical vision-language model trained with multi-teacher knowledge distillation to improve performance across heterogeneous medical imaging modalities and tasks.",MMKD-CLIP通过两阶段训练，将9个生物医学CLIP教师模型在26种医学影像模态、290万图文对上的互补知识蒸馏到一个通用视觉-语言模型中，并在58个数据集、6类任务上展现出优异的跨模态鲁棒性与泛化能力。,openalex,,Nature Communications,published,2026-06-10,https://doi.org/10.1038/s41467-026-74120-x,Multimodal Machine Learning Applications; Natural Language Processing Techniques; Speech and dialogue systems,,foundation model,0,https://doi.org/10.1038/s41467-026-74120-x,https://www.nature.com/articles/s41467-026-74120-x_reference.pdf,gold,pdf/2026-06-14_12_A generalist biomedical vision-language model via multi-CLIP knowledge distillation.pdf,downloaded
13,Navigating adoption barriers for microbial proteins in future food,Rima Gnaim; Hakimi Kassim; Lisa Neidhardt; Thomas Gassler; Rodrigo Ledesma‐Amaro,"Microbial biomass fermentation, in which microbes are cultivated to produce nutrient-dense biomass, offers a scalable route to sustainable protein production with low land, water, and greenhouse gas footprints. However, its shift from a speciality to a mainstream food continues to be difficult. Here, we move beyond technological overviews and propose a three-phase adoption framework: novelty barrier, early trust-building, and mainstream normalisation. This framework organises techno-economic, regulatory, and infrastructural barriers into a single trajectory. We trace single-cell proteins' rise, decline and resurgence, map engineering and policy enablers by phase, and outline levers to move microbial proteins into resilient food systems.",本文提出一个“新奇性障碍—早期信任建立—主流常态化”的三阶段采用框架，系统梳理微生物蛋白从小众走向主流食品过程中面临的技术经济、监管与基础设施障碍，并指出推动其成为可持续韧性食品体系关键组成的工程与政策路径。,openalex,,Nature Communications,published,2026-06-10,https://doi.org/10.1038/s41467-026-73987-0,Microbial Metabolic Engineering and Bioproduction; Bioeconomy and Sustainability Development; Transgenic Plants and Applications,,framework; single-cell; single-cell-computation,0,https://doi.org/10.1038/s41467-026-73987-0,https://www.nature.com/articles/s41467-026-73987-0_reference.pdf,gold,pdf/2026-06-14_13_Navigating adoption barriers for microbial proteins in future food.pdf,downloaded
14,Bacterial extracellular vesicles promote membrane repair and tolerance to polymyxin B,Julia Bos; Yasmina Abou Haydar; Olena Mayboroda; Anaïs Backland; Pierre‐Henri Commère; Didier Mazel,"Bacterial extracellular vesicles (EVs) are nanosized lipid structures released under stress, yet their interactions with antibiotics remain poorly understood. We tracked real-time interactions between Escherichia coli , EVs, and fluorescent polymyxin B (Pmb) using single-cell imaging and cytometric approaches. EVs rapidly sequester Pmb, facilitating its removal from bacterial envelopes, and act as plugs by adhering to or fusing with damaged sites. Pmb triggers early Cpx/σE- and Rcs-dependent stress responses, linked to a ∼25% reduction in cell surface area, a ∼50-fold increase in vesiculation, and remodeling of membrane properties. After an adaptive lag phase, sustained EV release supports detoxification and envelope repair, enabling growth recovery and transient tolerance to Pmb. Together, these findings reveal previously unrecognized functions of EVs in membrane repair and tolerance to membrane-active antibiotics.",该研究发现，大肠杆菌在多黏菌素B压力下会大量释放胞外囊泡，这些囊泡通过快速吸附并清除抗生素、黏附或融合受损膜位点以促进膜修复，从而帮助细菌在适应期后恢复生长并获得对膜活性抗生素的瞬时耐受。,openalex,,Science Advances,published,2026-06-10,https://doi.org/10.1126/sciadv.adx6378,Bacterial Infections and Vaccines; Legionella and Acanthamoeba research; Bacterial Genetics and Biotechnology,,model; single-cell; single-cell-computation,0,https://doi.org/10.1126/sciadv.adx6378,,gold,,no_pdf_url
15,Scalable hierarchical textile fibers toward personalized wearable atmospheric water harvesting,Chuxin Lei; Yu Zhang; Liu He; Yuyang Wang; J Wu; Weixin Guan; Yaxuan Zhao; Qiang Fu; Keith P. Johnston; Kai Wu; Guihua Yu,"Sorption-based atmospheric water harvesting (AWH) offers a decentralized, sustainable solution to global freshwater scarcity, enabling clean water in diverse environments. However, translating ideal sorption properties of small-scale materials into practical, large-scale systems faces critical kinetic challenges. Here, we conceptualize a hierarchical textile fiber for wearable AWH, addressing the scaling limitations of traditional sorbents. These fibers feature an open-pore surface topology and internal hierarchical pore structures, which accelerate surface vapor liquefaction and subsequent water transport, demonstrating exceptional water uptake and rapid sorption kinetics across varying relative humidity (RH). When woven into textiles, the fibers maintain efficient vapor diffusion through their macroporous, breathable architecture, achieving a 3- to 10-fold improvement over traditional sorbents at scale. We engineered a wearable prototype combining the AWH textile with a portable collector, achieving 3.76 to 7.45 liters water per kilogram sorbent per day and collecting 410 to 894 milliliters across 20 to 80% RH. By overcoming kinetic limitations, our study advances AWH toward scalability and wearability with implications for global water sustainability.",该论文提出一种具有表面开放孔与内部分级孔结构的可穿戴层级纺织纤维，用于高效空气取水，显著突破传统吸附剂在规模化应用中的传质动力学瓶颈，实现了在宽湿度范围内快速吸水、织物级性能提升及可观的日常集水能力。,openalex,,Science Advances,published,2026-06-10,https://doi.org/10.1126/sciadv.aed9949,Solar-Powered Water Purification Methods; Surface Modification and Superhydrophobicity; Adsorption and Cooling Systems,,diffusion,0,https://doi.org/10.1126/sciadv.aed9949,,gold,,no_pdf_url
16,Geospatial genetic evolution and phenotypic plasticity in triple-negative breast cancer,Ruoxi Hong; Pin Wu; Yuyue Qiu; Shichen Dong; Yuhan Huang; Kaping Lee; Huifang Wang; Mei Li; Cuijuan Zhang; Feng Ye; Shanlan Mo; Siming Xue; Wei Wu; Zheng Hu; Weimin Zhang; Qimin Zhan; Guibo Li; Shusen Wang,"BACKGROUND: The interplay between genotype and phenotype in shaping spatial heterogeneity and metastatic evolution in triple-negative breast cancer (TNBC) remains poorly understood. METHODS: Here, we developed a pathology-guided geospatial genomic and transcriptomic sequencing workflow (pGeo-G&T-seq) and applied it to TNBC specimens from primary tumors and matched metastatic sites. Using laser capture microdissection (LCM) we isolated mRNA and gDNA for whole-exome sequencing, whole-genome sequencing and whole-transcriptome sequencing to analyze spatial genomic heterogeneity and transcriptomic plasticity. Findings were further evaluated using independent bulk transcriptomic, single-cell immunotherapy, and spatial transcriptomic TNBC datasets. RESULTS: The analysis unveiled spatial intratumoral heterogeneity at genomic and transcriptomic levels characterized by distinct spatial patterns of ""decay"" or ""uniformity"", demonstrating regional clonal expansion and genetic mosaicism, including heterogeneity in driver alterations and molecular subtypes. Notably, we identified a previously uncharacterized oxidative phosphorylation (OXPHOS)-associated transcriptional state associated with poor prognosis and features of limited immunotherapy responsiveness in single-cell cohorts. Intriguingly, genetic ancestry was associated with relatively stable transcriptional programs in a subset of cases. Furthermore, phylogenetically closely related clones from primary tumors and lymph node metastases shared convergent biological processes, suggesting that phenotypic traits may be partially retained during metastatic colonization. CONCLUSIONS: These findings support a model in which genetic evolution and phenotypic retention contribute to the spatial heterogeneity and metastatic progression of TNBC. More broadly, our pathology-guided spatial multi-omics framework enables the dissection of genotype-phenotype coupling in intact tissue, while the identification of an OXPHOS-associated transcriptional program may inform biologically guided patient stratification and generate hypotheses for future therapeutic studies.",该研究通过病理引导的空间多组学测序揭示三阴性乳腺癌在原发灶与转移灶中同时存在基因进化与表型保留，发现了与差预后和免疫治疗反应有限相关的OXPHOS转录状态，并为患者分层与转移机制研究提供了新框架。,openalex,,Genome Medicine,published,2026-06-10,https://doi.org/10.1186/s13073-026-01684-0,Breast Cancer Treatment Studies; Cancer Genomics and Diagnostics; Cancer Cells and Metastasis,,framework; method; model; single-cell; single-cell-computation; spatial multi-omics; spatial-omics-computation,0,https://doi.org/10.1186/s13073-026-01684-0,,gold,,no_pdf_url
17,Infiltrating monocyte-derived macrophages does not survive long term in stroke brain despite their dominance in the acute ischemic core and myeloid derived IGF-1 play dichotomous roles in stroke recovery,Hongli Ma; Nicolas Hugues; Kirsten Voice; Joshua Peter; Александр Таранов; Christina Thapa; Krishna Roskin; Yu Luo,"Ischemic stroke elicits a strong neuroinflammatory response characterized by activation of microglia and infiltration of monocytes-derived macrophages (iMM), which have been speculated to have differential functions in stroke. However, because the gene expression profiles of microglia and iMM overlap in the injured brain, distinguishing these two cell populations has posed a challenge for the field. Using a recently characterized microglia-specific TMEM119 CreER -Ai14 tdTomato reporter mouse model and single cell RNA sequencing (scRNA-seq) analysis, we prelabeled microglia in the brain prior to stroke, enabling detailed characterization of the transcriptomic and spatial distributions of microglia vs. iMM across different stages of post-stroke. ScRNA-seq findings were validated through immunohistochemistry, RNAscope, and animal models. Here, we report that microglia and iMM are enriched at distinct locations and exhibit differential temporal dynamics in the stroke brain. Our genetic tracing data reveals that iMM does not survive in the chronic stroke brain past 30 days in our model. Additionally, scRNA-seq further revealed distinct transcriptomic states between microglia and iMM at D7 and D14 in the stroke brain. Genetic tracing also allowed us to identify novel markers for activated microglia vs. iMM in the acute stroke brain such as Gm21188. Finally, our data also showed that Igf1 is up-regulated in both microglia and iMM after stroke. Cx3cr1 ERT2 Igf1 fl/fl mediated myeloid-specific Igf1 gene deletion at 5–9 Days after stroke lead to decreased CD8 + T-cell infiltration in the stroke brain. Functionally, myeloid specific Igf1 iKO mice show expedited sensorimotor function recovery but worsened anxiety-like behavior. In summary, Tmem119 CreER - Ai14 tdTomato reporter mouse line is a useful tool for the field to clearly delineate the cellular dynamics and transcriptomic profiles of microglia vs. iMM in a variety of central nervous system pathological conditions, which could have broad implications beyond stroke studies. Moreover, we have characterized novel subtypes and markers for activated microglia and iMM, as well as a possible novel role for myeloid cell-derived IGF-1 in driving T-cell infiltration and/or survival in the post-stroke brain. This study provides valuable insights for future investigations aimed at modulating microglia vs. iMM to promote stroke resolution and functional recovery in vivo.",该研究利用TMEM119特异性示踪联合单细胞测序清晰区分了卒中后小胶质细胞与单核细胞来源巨噬细胞，发现后者虽在急性缺血核心占主导但30天后并不长期存活，同时髓系细胞来源IGF-1在卒中恢复中具有双重作用：促进CD8+ T细胞浸润，并分别改善感觉运动恢复却加重焦虑样行为。,openalex,,Genome Medicine,published,2026-06-10,https://doi.org/10.1186/s13073-026-01687-x,Neuroinflammation and Neurodegeneration Mechanisms; Neurogenesis and neuroplasticity mechanisms; Immune cells in cancer,,model; scrna-seq; single cell; single-cell-computation,0,https://doi.org/10.1186/s13073-026-01687-x,,gold,,no_pdf_url
18,Disruption of the spinal cord-gut axis alters microbial dynamics and carbohydrate cross-feeding in the gut,Mohamed Mohssen; Ahmed A. Zayed; Kristina A. Kigerl; Jingjie Du; Garrett J. Smith; Jan M. Schwab; Matthew B. Sullivan; Phillip G. Popovich,"Spinal cord-gut communication regulates gut bacteria, yet the underlying mechanisms remain poorly understood. Previous studies relied primarily on gene markers with limited functional analysis or genome-resolved snapshots from small cohorts. Here, we assessed microbiome dynamics via genome-resolved metagenomics on 333 samples from male and female C57BL/6 mice collected before and up to six months after surgical disruption of the spinal cord-gut axis. This resulted in 6,635 microbial draft genomes as a foundation for a new ""Mouse B6 Gut Catalog"" that significantly expands species and strain representation for this widely used laboratory mouse strain. Sampling revealed that disrupted spinal cord-gut signaling causes persistent, lesion-severity-, sex-, and time-specific shifts in microbial community composition, with consistent depletion of Lactobacillus johnsonii. Feeding purified L. johnsonii to spinal cord-injured mice prevented metabolic defects and systemic inflammation caused by disruption of the spinal cord-gut axis. Analyses using genome-resolved and community-based metabolic profiling indicated altered carbohydrate sharing and utilization of gut microbes, potentially depleting L. johnsonii, providing a genome-inferred mechanism for future hypothesis testing. This study improves murine microbiome catalogs, illustrates how metagenome-informed microbial interventions can provide a mechanistic understanding to improve host health, and underscores the vital role of a healthy spinal cord in regulating gut ecosystem function.",该研究基于333份小鼠样本的基因组解析宏基因组学发现，脊髓-肠轴中断会长期且受损伤严重程度、性别和时间影响地重塑肠道菌群及其碳水化合物互作，尤其持续耗竭Lactobacillus johnsonii，而补充该菌可缓解脊髓损伤导致的代谢异常和全身炎症。,openalex,,Communications Biology,published,2026-06-10,https://doi.org/10.1038/s42003-026-10447-x,Gut microbiota and health; Immune responses and vaccinations; Probiotics and Fermented Foods,,genomics; hypothesis testing; statistical-bioinformatics,0,https://doi.org/10.1038/s42003-026-10447-x,,gold,,no_pdf_url
19,Large Language Model‐Informed Dual‐Track AI Framework for the Synergistic Design of Crack‐Free and High‐Strength Superalloys,Jian Yao; J Wu; Jie Su; Fuzhu Wang; Zi Wang; Li Wang; Liming Tan; Lan Huang; Feng Liu; Liu Y,"Laser Powder Bed Fusion of high performance nickel-based superalloys is a transformative technology hindered by acute hot-cracking susceptibility and prohibitively expensive process optimization cycles. Traditional data-driven AI models often suffer from ""black-box"" limitations and severe data scarcity. Here, we propose a knowledge-informed hybrid AI framework that integrates Large Language Models (LLMs) as reasoning agents to bridge metallurgical expertise with autonomous discovery. By operationalizing empirical heuristics (e.g., Al/Ti ratio correlations), the LLM facilitated rapid heuristic pruning, compressing the initial search space of 76 800 candidates by >95%. Subsequently, LLM-distilled process priors were injected into a reinforcement learning (RL) agent, enabling a ""warm-start"" optimization that achieved safety-constrained exploration in physically risky regimes. The resulting AMN01 alloy achieved crack-free printability with a breakthrough yield strength exceeding 1.5 GPa and an ultimate tensile strength near 1.8 GPa in the direct-aged state. Following solution-aging treatment, the alloy maintained a UTS over 1.6 GPa with an exceptional elongation of over 15%. Multi-scale characterization revealed a multi-tier strengthening architecture involving nanoscale cellular dislocation networks, γ' precipitation, and deformation-induced Lomer-Cottrell locks. This framework establishes a generalizable paradigm for accelerated material discovery in high-cost, data-scarce engineering environments.",该论文提出一种由大语言模型与强化学习协同驱动的双轨AI材料设计框架，在数据稀缺且试错成本高的增材制造超合金开发中，通过知识引导大幅压缩搜索空间并安全优化工艺，最终设计出兼具无裂纹可打印性与超高强度的镍基超合金AMN01。,openalex,,Advanced Science,published,2026-06-09,https://doi.org/10.1002/advs.76036,Additive Manufacturing Materials and Processes; Machine Learning in Materials Science; High Temperature Alloys and Creep,,large language model; reasoning agent,0,https://doi.org/10.1002/advs.76036,,gold,,no_pdf_url
20,Cell-to-cell variability and gain of methylation at polycomb CpG islands as a hallmark of aging,Hagit Masika; Shmuel Ruppo; Stephen J. Clark; Marc Jan Bonder; Ferdinand von Meyenn; Merav Hecht; Shari Orlanski; Efrat Katsman; Oriya Vardi-Yaakov; Abraham Zlotogorski; Tahel Fachler-Sharp; Sharona Elgavish; Yuval Dor; Wolf Reik; Tommy Kaplan; Howard Cedar,"Aging is a complex multifactorial process that affects cellular function and tissue homeostasis over time. Despite substantial research, the molecular mechanisms driving cellular aging remain poorly understood. Many studies focused on changes in DNA methylation as an indicator of aging. In particular, methylation at polycomb CpG islands was shown to be predictive of phenotypic changes associated with aging. Since many age-related pathological processes are thought to originate from single cells, we asked whether polycomb CpG island methylation occurs preferentially in a subset of cells within a population. Using single-cell whole-genome methylation data across ages and tissues, we identify polycomb CpG methylation as a hallmark of cellular aging. This revealed that aging occurs at varying rates, with faster proliferating cells showing accelerated gain of methylation. Differential gene expression analysis identified changes in immune response, translation, tumorigenesis and neurodegeneration. These results challenge traditional models of homogeneous cellular aging and suggest that aging is a highly individualized process at the single-cell level, that may be driven by programmed changes in polycomb CpG island DNA methylation. Aging is associated with DNA methylation changes, but how this occurs in individual cells is unclear. Here, the authors show that methylation at polycomb CpG islands accumulates unevenly across single cells, revealing that some cells age faster than others.",该研究基于跨年龄和组织的单细胞全基因组甲基化数据发现，Polycomb相关CpG岛甲基化在单细胞间不均匀累积、且增殖更快的细胞甲基化增加更快，表明其是细胞衰老的重要标志并揭示衰老具有显著的单细胞个体化差异。,openalex,,Nature Communications,published,2026-06-09,https://doi.org/10.1038/s41467-026-74118-5,"Epigenetics and DNA Methylation; Genomics and Chromatin Dynamics; Telomeres, Telomerase, and Senescence",,model; single cell; single-cell; single-cell-computation,0,https://doi.org/10.1038/s41467-026-74118-5,https://www.nature.com/articles/s41467-026-74118-5_reference.pdf,gold,pdf/2026-06-14_20_Cell-to-cell variability and gain of methylation at polycomb CpG islands as a hallmark of aging.pdf,downloaded
21,Automated Extraction of Multicomponent Alloy Data Using Large Language Models for Sustainable Design,Arjun Sundaram; Mohit Chakraborty; Sai Mani Kumar Devathi; B. Pabitramohan Prusty; Rohit Batra,"ABSTRACT The design of sustainable materials requires access to materials performance and sustainability data from literature corpus in an organized, structured, and automated manner. Large language models (LLMs) have been explored for materials data extraction from the literature, yet often suffer from limited accuracy or narrow scope. Here, we present an LLM‐based pipeline for accurate information extraction from high‐entropy (multicomponent) alloy (HEA) literature. The approach produces two databases with 37,711 and 148,069 entries: one from text, capturing alloy compositions, processing conditions, characterization methods, and properties; and another from tables, containing property names, values, and units. Using prompt engineering and retrieval‐augmented generation, the pipeline improves materials‐domain sensitivity and achieves F1‐scores of 0.83 for text and 0.88 for tables, surpassing or matching existing approaches. Application of the pipeline to over 10,000 articles yields the largest publicly available multicomponent alloy database and reveals compositional and processing‐property trends. The database is further employed for sustainability‐aware materials selection in three application domains, i.e., lightweighting, soft magnetic, and corrosion‐resistant, identifying multicomponent alloy candidates with more sustainable production while maintaining or exceeding benchmark performance. The pipeline developed can be easily generalized to other classes of materials, supporting development of comprehensive, accurate, and usable databases for sustainable materials design.",该论文提出了一种结合提示工程与检索增强生成的LLM自动抽取流程，可从超过1万篇高熵/多组元合金文献文本和表格中高精度构建大规模结构化数据库，并进一步用于兼顾性能与可持续性的材料筛选与设计。,openalex,,Advanced Science,published,2026-06-09,https://doi.org/10.1002/advs.75916,Machine Learning in Materials Science; High Entropy Alloys Studies; Material Selection and Properties,,large language model,0,https://doi.org/10.1002/advs.75916,,gold,,no_pdf_url
22,Uniform nanoporous zirconia composite membrane enabling high-performance alkaline water electrolysis,Zhipeng Xu; Zhihao Lin; Daohui He; Jingjing Yin; Yangke Pan; Liang Guo; Junbin Liao; Huimin Ruan; Congjie Gao; Jiangnan Shen; Young Moo Lee,"Zirconia-based membranes typically face a trade-off between ionic transport and gas barrier performance, limiting their effectiveness in alkaline water electrolysis, where low area resistance, high bubble-point pressure, and long-term stability are essential. Here we show a method for fabricating a nanoporous composite membrane. Yttria-stabilized zirconia nanoparticles are uniformly dispersed into a sol-state polybenzimidazole matrix via a one-pot sol-gel process. The resulting membrane exhibits a sponge–like, uniform nanoporous morphology with a high porosity of ~85%. Yet, it maintains a higher bubble-point pressure (>25 bar). Strong interfacial interactions exist between yttria-stabilized zirconia nanoparticles, phosphoric acid, and polybenzimidazole molecular chains. The synergistic multi-pathway structure facilitates continuous hydroxide ion migration. In alkaline water electrolysis, the membrane delivers a high current density of 13.1 A cm–2 at 2.0 V, and operates effectively over a wide range of alkaline electrolyte concentrations. Reinforcement with a polyphenylene sulfide mesh enables stable operation for 7000 h, and the membrane performs reliably in a large-area single-cell stack. This work introduces a scalable route to gel-state ceramic–polymer membranes for high-efficiency hydrogen production. Zirconia-based membranes suffer from a trade-off between ion transport and gas blocking, limiting efficiency in alkaline water electrolysis. Here, the authors report a nanoporous composite membrane that achieves high current density, strong stability, and reliable scale hydrogen production.",该论文提出一种通过一步溶胶-凝胶法制备的均一纳米多孔氧化锆/聚苯并咪唑复合膜，在兼顾高离子传导与高气体阻隔的同时，实现了碱性水电解中13.1 A cm⁻²@2.0 V的高性能、7000小时稳定运行及大面积电堆可靠制氢。,openalex,,Nature Communications,published,2026-06-09,https://doi.org/10.1038/s41467-026-74108-7,Advancements in Solid Oxide Fuel Cells; Electrocatalysts for Energy Conversion; Fuel Cells and Related Materials,,method; single-cell; single-cell-computation,0,https://doi.org/10.1038/s41467-026-74108-7,https://www.nature.com/articles/s41467-026-74108-7_reference.pdf,gold,pdf/2026-06-14_22_Uniform nanoporous zirconia composite membrane enabling high-performance alkaline water electrolysis.pdf,downloaded
23,P-STAT3-dependent SPP1 transcription in cholangiocytes drives hepatic stellate cells activation in congenital hepatic fibrosis,Mengfan Jiao; Y X Sun; Liu R; Xizhi Yin; Xiaoxue Hou; Hui Yuan; Zixing Dai; Q Chen; Chuanlong Zhu,"Congenital hepatic fibrosis (CHF) is a rare inherited liver disorder caused by mutations in the polycystic kidney and hepatic disease-1 gene (PKHD1), leading to progressive hepatic fibrosis. In our study, single-cell RNA sequencing of a CHF patient carrying compound heterozygous PKHD1 mutations revealed markedly intercellular communication between cholangiocytes and hepatic stellate cells (HSCs) via the secreted phosphoprotein 1 (SPP1)–integrin α8β1 axis. The CRISPR-Cas9-generated Pkhd1 knockout mouse model (Pkhd1del3-4/del3-4) was generated and recapitulated bile duct hyperplasia and fibrosis. We validated that PKHD1 deficiency led to progressive upregulation of SPP1 in cholangiocytes. Co-culture experiments demonstrated that PKHD1-deficient cholangiocytes secrete OPN, activating PI3K/Akt signaling in HSCs and promoting their activation. Mechanistically, phosphorylated STAT3 (p-STAT3) was identified as a direct transcriptional activator of SPP1. Importantly, cholangiocyte-specific knockdown of Spp1 via AAV8 significantly attenuated hepatic fibrosis in vivo. Collectively, our findings demonstrate that reduced PKHD1 expression in cholangiocytes promotes hepatic fibrosis by activating the p-STAT3–SPP1 pathway, and targeting this axis may offer a potential therapeutic strategy. Cholangiocytes directly activate hepatic stellate cells in congenital hepatic fibrosis through SPP1- dependent signaling, as revealed by single-cell transcriptomics and in vivo functional validation.",该研究表明，PKHD1缺陷的胆管细胞通过p-STAT3驱动SPP1表达并激活肝星状细胞，从而促进先天性肝纤维化，抑制SPP1可减轻纤维化。,openalex,,Communications Biology,published,2026-06-09,https://doi.org/10.1038/s42003-026-10476-6,Liver physiology and pathology; Genetic and Kidney Cyst Diseases; Liver Diseases and Immunity,,cell-communication-computation; cellular communication; intercellular communication; model; single-cell; single-cell-computation,0,https://doi.org/10.1038/s42003-026-10476-6,,gold,,no_pdf_url
24,Accurately Deciphering Tissue Heterogeneity From Spatial Multi‐Modal and Multi‐Omics With STransformer,Xingyi Li; Jialuo Xu; Gaoming Du; Xiangting Jia; Dongmin Zhao; Chunyan Zhou; Kexin Xiao; Jia Gu; Junnan Zhu; Xuequn Shang,"Advances in spatially resolved technologies enable the simultaneous acquisition of diverse data modalities within a tissue slice while preserving critical spatial context, which presents unprecedented opportunities to decipher intricate tissue heterogeneity. However, existing computational approaches lack the intrinsic flexibility to universally process both spatial multi-modal and multi-omics data. Here, we introduce STransformer, a unified deep learning framework designed to seamlessly accommodate a comprehensive landscape of spatial data. By simultaneously capturing short-range cellular interactions and tissue-wide semantic patterns, it extracts robust representations to accurately dissect complex tissue heterogeneity. Systematic evaluations across diverse species, tissue types, and data modalities highlight its profound versatility. For spatial multi-modal data, STransformer delineates intricate anatomical structures in the human cortex, uncovers pathological mechanisms in Alzheimer's disease, and characterizes dynamic spatiotemporal developmental trajectories during chicken cardiogenesis. Scaling to spatial multi-omics data, STransformer synergizes spatial transcriptomic and proteomic profiles to decipher intricate immune microenvironments within the human tonsil, and jointly analyzes spatial epigenomic and transcriptomic data to infer regulatory mechanisms in the mouse embryonic brain. Consequently, STransformer serves as a highly versatile and robust analytical framework for advancing our understanding of tissue heterogeneity and disease pathogenesis.",STransformer 是一个统一且高鲁棒性的深度学习框架，可同时整合空间多模态与多组学数据，通过联合建模局部细胞互作和全局组织语义，准确解析不同物种和组织中的复杂组织异质性、发育过程及疾病机制。,openalex,,Advanced Science,published,2026-06-09,https://doi.org/10.1002/advs.75969,Single-cell and spatial transcriptomics; Bioinformatics and Genomic Networks; Cell Image Analysis Techniques,,cell-communication-computation; cellular interaction; computational; deep learning; framework; spatial multi-omics; spatial-omics-computation,0,https://doi.org/10.1002/advs.75969,,gold,,no_pdf_url
25,Operando Raman Spectroscopy Reveals Backpressure‐Controlled Dynamics in Diluted CO <sub>2</sub> Electrolysis,Muhammad Adib Abdillah Mahbub; Bashir Eid; Kinran Lau; Nini Zhang; Thomas Quast; Ann Cathrin Brix; Debanjan Das; Wolfgang Schuhmann,"ABSTRACT Understanding the competition between the electrochemical CO 2 reduction reaction (eCO 2 RR) and the hydrogen evolution reaction (HER) is crucial for efficient CO 2 conversion, particularly under limited reactant availability using diluted CO 2 . We investigate the interplay between the operating conditions at various differential backpressures concerning CO 2 availability, water behavior at the electrified catalyst layer, and how these factors modulate the eCO 2 RR‐to‐formate selectivity and HER activity. We show that H 2 formation can be suppressed while maintaining high formate selectivity even using highly diluted CO 2 (2.25%) by increasing the differential backpressure from the gas side of the gas‐diffusion cathode in the flow‐through electrolyzer, which enhances CO 2 transport to the catalyst layer through reshaping the triple‐phase boundary. Operando Raman spectroscopy reveals the accumulation and perturbation of water on the catalyst layer at negative potentials, accompanied by weakening of the hydrogen‐bond network. Moreover, even higher differential backpressure minimizes carbonate formation, preserves eCO 2 RR kinetics, and promotes the displacement of surface water, which in turn minimizes HER.",该研究利用原位拉曼光谱表明，在稀释 CO2 电解中提高气体扩散阴极两侧的差压可重塑三相界面、增强 CO2 传输并减少表面水与碳酸盐积累，从而即使在 2.25% 稀释 CO2 下也能抑制析氢反应并保持高甲酸选择性。,openalex,,Advanced Science,published,2026-06-09,https://doi.org/10.1002/advs.75908,CO2 Reduction Techniques and Catalysts; Electrocatalysts for Energy Conversion; Ammonia Synthesis and Nitrogen Reduction,,diffusion,0,https://doi.org/10.1002/advs.75908,,gold,,no_pdf_url
26,A disease-centric vision-language foundation model for precision oncology in kidney cancer,Yuhui Tao; Zhongwei Zhao; Zilong Wang; Xufang Luo; Feng Chen; Kang Wang; Chuanfu Wu; Xue Zhang; Shaoting Zhang; Jiaxi Yao; Xingwei Jin; Xinyang Jiang; Yifan Yang; Dongsheng Li; Lili Qiu; 邵志强; Jianming Guo; Nengwang Yu; Ying Xiong; WANG Shuo,"The non-invasive assessment of renal masses remains a critical challenge in urologic oncology, where diagnostic uncertainty frequently causes overtreatment. Here, we develop RenalCLIP, a vision-language foundation model for precision oncology in kidney cancer. Utilizing 27,866 computed tomography scans from 8809 patients across diverse multi-center cohorts, we employ a two-stage pre-training strategy to align domain-specific visual and textual representations. RenalCLIP achieves enhanced performance and generalizability across ten core clinical tasks, spanning anatomical assessment, diagnostic classification, and survival prediction, significantly outperforming state-of-the-art general-purpose foundation models. Furthermore, RenalCLIP demonstrates strong data efficiency in diagnostic classification, achieving peak baseline performance using only 20% of the training data. The model also exhibits robust zero-shot diagnostic capabilities, effective image-text retrieval, and high-quality medical report generation. Our findings establish RenalCLIP as a powerful, generalizable tool to enhance diagnostic precision, refine prognostic stratification, and personalize the management of renal masses. The non-invasive assessment of renal masses remains a critical challenge in urologic oncology. Here, the authors develop RenalCLIP, a vision-language foundation model for renal mass assessment and classification using CT scans from 8,809 patients across Chinese and international cohorts, outperforming other models in diagnostic classification at even 20% of the training data.",RenalCLIP 是一个基于 8809 名患者、27866 例 CT 的肾癌专病视觉-语言基础模型，通过两阶段预训练在肾脏肿块的解剖评估、诊断分类和生存预测等 10 项临床任务上显著优于通用模型，并以更少数据实现高效、可泛化的无创精准诊疗。,openalex,,Nature Communications,published,2026-06-08,https://doi.org/10.1038/s41467-026-74175-w,Cancer Genomics and Diagnostics; Renal cell carcinoma treatment; Multimodal Machine Learning Applications,,foundation model,0,https://doi.org/10.1038/s41467-026-74175-w,https://www.nature.com/articles/s41467-026-74175-w_reference.pdf,gold,pdf/2026-06-14_26_A disease-centric vision-language foundation model for precision oncology in kidney cancer.pdf,downloaded
27,The signaling and regulatory functions of dying cells and cell corpses,Guolin Zhang; J Q Liu; Wenhua Li; Boya Wang; Haoxuan Feng; Tongzhou Cui; Taowen Pan; D-P Chen; Yongjian Xiong,"Cells die extensively each day under physiological and pathological conditions, yet dying cells and cell corpses are not merely passive endpoints. Increasing evidence shows that they actively shape their microenvironment during death-program execution, signal release or exposure, corpse processing, and responses of neighboring cells and phagocytes. We here summarize six major roles of dying cells and cell corpses: promoting tissue turnover and remodeling, supporting neighboring-cell survival, mediating intercellular communication, providing metabolic substrates and rewiring phagocyte metabolism, facilitating corpse recognition and clearance, and modulating immune responses. Overall, they provide a broader framework for understanding cell death and identifying therapeutic opportunities. This Review summarizes how dying cells and cell corpses actively shape tissue remodeling, neighboring-cell survival, intercellular communication, phagocyte metabolism, corpse clearance and immune responses in physiology and disease.",TLDR：这篇综述指出，死亡细胞及其尸体并非被动终点，而是在细胞死亡过程中通过促进组织更新与重塑、支持邻近细胞存活、介导细胞间通讯、重塑吞噬细胞代谢、促进尸体清除和调节免疫反应，主动塑造生理与病理环境并提供潜在治疗靶点。,openalex,,Communications Biology,published,2026-06-08,https://doi.org/10.1038/s42003-026-10428-0,"Phagocytosis and Immune Regulation; Immune cells in cancer; Neutrophil, Myeloperoxidase and Oxidative Mechanisms",,cell-communication-computation; cellular communication; framework; intercellular communication; model,0,https://doi.org/10.1038/s42003-026-10428-0,https://www.nature.com/articles/s42003-026-10428-0.pdf,gold,pdf/2026-06-14_27_The signaling and regulatory functions of dying cells and cell corpses.pdf,downloaded
28,Interspecies quorum sensing signals modulate multicellular organization and enhance contact-dependent antagonism in Vibrio cholerae,Mollie Virgo; Hannah Painter; Songlin Xue; Harry-Luke O. McClelland; Serge Mostowy; Brian T. Ho,"Spatial organization within bacterial communities plays a critical role in mediating cell-cell interactions and determining microbial fitness. During infection, Vibrio cholerae undergoes dynamic restructuring of its spatial organization, forming monospecific aggregates thought to enhance survival in the face of the host immune system. However, the effectiveness of its primary weapon against other bacteria-its contact-dependent type VI secretion system (T6SS)-is severely limited in this aggregated form, hampering its ability to compete for space and resources. Here, we show that the presence of competing, co-resident bacteria alters V. cholerae aggregation by modulating toxin co-regulated pilus (TCP) expression through production of interspecies quorum sensing signal autoinducer-2 (AI-2). Using a zebrafish infection model, we found that this quorum sensing-controlled disaggregation enhances the efficacy of T6SS-mediated killing in vivo by promoting intermixing of V. cholerae, thereby increasing cell-cell contact with competitors. This modulation of aggregation has no impact on T6SS activity in vitro, highlighting the context-specific nature of these interactions. We developed a mathematical model to explore these dynamics and observed a fundamental trade-off between potency of V. cholerae T6SS and its sensitivity to the presence of competing bacterial species. Our findings reveal a core mechanism underlying V. cholerae colonization wherein it uses quorum sensing to dynamically balance between protective aggregation to survive host defenses and dispersed infiltrative intermixing to facilitate elimination of competitors.",该研究发现，肠道共居民细菌产生的跨物种群体感应信号 AI-2 可调控霍乱弧菌的聚集/解聚状态，使其在宿主体内通过增强与竞争菌的接触来提升 T6SS 依赖的杀伤能力，从而在抵御宿主防御与清除竞争者之间实现动态权衡。,openalex,,Nature Communications,published,2026-06-08,https://doi.org/10.1038/s41467-026-74086-w,Vibrio bacteria research studies; Bacterial biofilms and quorum sensing; Bacillus and Francisella bacterial research,,cell-cell interaction; cell-communication-computation; model,0,https://doi.org/10.1038/s41467-026-74086-w,,gold,,no_pdf_url
29,SpaDC enables sequence-based integrative analysis and regulatory inference of spatial chromatin accessibility data,Shaolin Mao; Chenghui Yang; Caiwei Zhen; Zhentao He; Yi Luo; L Zhang,"Spatial ATAC-seq enables simultaneous profiling of cellular locations and chromatin accessibility in intact tissues but faces challenges from high dimensionality, noise, and sparsity. Moreover, existing methods often overlook DNA sequence information, which contains critical regulatory motifs. To address these limitations, we introduce SpaDC, a graph-regularized convolutional neural network that integrates spatial location, chromatin accessibility, and DNA sequence. SpaDC employs a triplet loss function to integrate multiple spatial ATAC-seq datasets and remove batch effects. Benchmark analyses on real datasets demonstrate state-of-the-art performance in spatial domain identification, data denoising, and gene regulatory network (GRN) inference. Applied to mouse embryonic brain spatial ATAC-seq data, SpaDC accurately identified known brain structures and recovered chromatin accessibility signals. On P22 mouse brain spatial multi-omics data, SpaDC revealed spatial domain-specific cis-regulatory elements and GRNs. Collectively, SpaDC provides a powerful, sequence-based solution for spatial ATAC-seq analysis, enabling more accurate and robust investigation of tissue architecture and chromatin organization.",SpaDC 是一种结合空间位置、染色质可及性与 DNA 序列信息的图正则化卷积神经网络，可有效整合并去除批次效应，显著提升空间 ATAC-seq 数据的空间域识别、去噪及基因调控网络推断能力。,openalex,,Communications Biology,published,2026-06-06,https://doi.org/10.1038/s42003-026-10462-y,Genomics and Chromatin Dynamics; Single-cell and spatial transcriptomics; Epigenetics and DNA Methylation,,benchmark; inference; method; spatial multi-omics; spatial-omics-computation,0,https://doi.org/10.1038/s42003-026-10462-y,,gold,,no_pdf_url
30,Stress granule phase separation in stress-responsive cytosolic extract-in-oil droplets,Aline Lieber; Oskar Staufer; Zhaozhi Sun; Ulrike Engel; Charlotte Flory; Nathan Mikhaylenko; Kevin Jahnke; Katja Kopp; Philipp Klein; Sarah Hofmann; Oliver T. Fackler; Pavel Ivanov; Ilia Platzman; Pietro Scaturro; Joachim P. Spatz; Alessia Ruggieri,"Stress granules (SGs) are biomolecular condensates that form transiently in the cytosol of mammalian cells in response to stress. Dysregulation of their assembly or disassembly is implicated in human age-related diseases. While phase separation is the key process underlying SG assembly, understanding of their function, composition and regulation in response to physiological stimuli is limited. This knowledge gap reflects the challenge of gaining comprehensive and quantitative insights into the dynamic regulation of the complex composition of SGs at the single-cell level. Here we present an emulsion-based microfluidics method to overcome this limitation. ""Cytosolic extracts-in-oil droplets"" (CEODs) recreate a confined active cytosolic milieu that undergoes phase separation and SG formation in response to stress under physiological conditions. This approach led to the discovery of seven previously unrecognised SG components involved in signalling pathways. CEODs provide a versatile and cost-effective screening platform for future mechanistic and therapeutic studies.",该论文提出一种基于乳液微流控的“细胞质提取物-油滴”模型，可在生理应激条件下重建并定量研究应激颗粒的相分离过程，并据此发现了7种此前未知的应激颗粒信号通路相关组分。,openalex,,Nature Communications,published,2026-06-05,https://doi.org/10.1038/s41467-026-73936-x,RNA Research and Splicing; Innovative Microfluidic and Catalytic Techniques Innovation; Extracellular vesicles in disease,,method; single-cell; single-cell-computation,0,https://doi.org/10.1038/s41467-026-73936-x,https://www.nature.com/articles/s41467-026-73936-x.pdf,gold,pdf/2026-06-14_30_Stress granule phase separation in stress-responsive cytosolic extract-in-oil droplets.pdf,downloaded
